{"nodes": [{"id": "offer"}, {"id": "user_master"}, {"id": "user_login_failed_details"}, {"id": "configuration"}, {"id": "country_code"}, {"id": "test_drive_preffered_slot"}, {"id": "customer_rfq"}, {"id": "test_drive"}, {"id": "feedback"}, {"id": "cart"}, {"id": "user_docs"}, {"id": "order"}, {"id": "trade_in"}, {"id": "lookup_code"}, {"id": "persistent_audit_evt_data"}, {"id": "error_log"}, {"id": "user_authority"}, {"id": "persistent_audit_event"}, {"id": "customer_buy_now"}, {"id": "cta"}, {"id": "authority"}, {"id": "lookup"}, {"id": "order_details"}, {"id": "contact_dealer_details"}, {"id": "lookup_value"}], "links": [{"source": "cart", "target": "offer", "relation": "offer_id -> id"}, {"source": "cart", "target": "user_master", "relation": "user_id -> id"}, {"source": "configuration", "target": "user_master", "relation": "user_id -> id"}, {"source": "country_code", "target": "lookup", "relation": "country_code -> value"}, {"source": "cta", "target": "configuration", "relation": "config_id -> id"}, {"source": "cta", "target": "contact_dealer_details", "relation": "contact_dealer_details_id -> id"}, {"source": "cta", "target": "user_master", "relation": "user_id -> id"}, {"source": "customer_buy_now", "target": "cart", "relation": "cart_id -> cart_id"}, {"source": "customer_buy_now", "target": "user_master", "relation": "user_id -> id"}, {"source": "customer_rfq", "target": "cart", "relation": "cart_id -> cart_id"}, {"source": "customer_rfq", "target": "user_master", "relation": "user_id -> id"}, {"source": "error_log", "target": "cart", "relation": "cart_id -> cart_id"}, {"source": "error_log", "target": "user_master", "relation": "user_id -> id"}, {"source": "error_log", "target": "user_master", "relation": "user_id -> id"}, {"source": "error_log", "target": "user_master", "relation": "user_id -> id"}, {"source": "error_log", "target": "user_master", "relation": "user_id -> id"}, {"source": "feedback", "target": "user_master", "relation": "user_id -> id"}, {"source": "lookup_value", "target": "lookup_code", "relation": "lookup_code_id -> id"}, {"source": "order", "target": "offer", "relation": "offer_id -> id"}, {"source": "order", "target": "customer_buy_now", "relation": "purchase_id -> id"}, {"source": "order_details", "target": "order", "relation": "order_id -> order_id"}, {"source": "persistent_audit_evt_data", "target": "persistent_audit_event", "relation": "event_id -> event_id"}, {"source": "test_drive", "target": "cart", "relation": "cart_id -> cart_id"}, {"source": "test_drive", "target": "user_master", "relation": "user_id -> id"}, {"source": "test_drive", "target": "user_master", "relation": "user_id -> id"}, {"source": "test_drive", "target": "user_master", "relation": "user_id -> id"}, {"source": "test_drive", "target": "user_master", "relation": "user_id -> id"}, {"source": "test_drive_preffered_slot", "target": "test_drive", "relation": "td_id -> td_id"}, {"source": "trade_in", "target": "customer_rfq", "relation": "rfq_id -> rfq_id"}, {"source": "user_authority", "target": "authority", "relation": "authority_name -> name"}, {"source": "user_authority", "target": "user_master", "relation": "user_id -> id"}, {"source": "user_docs", "target": "user_master", "relation": "user_id -> id"}, {"source": "user_login_failed_details", "target": "user_master", "relation": "user_id -> id"}]}