userid,dbid,toplevel,queryid,query,plans,total_plan_time,min_plan_time,max_plan_time,mean_plan_time,stddev_plan_time,calls,total_exec_time,min_exec_time,max_exec_time,mean_exec_time,stddev_exec_time,rows,shared_blks_hit,shared_blks_read,shared_blks_dirtied,shared_blks_written,local_blks_hit,local_blks_read,local_blks_dirtied,local_blks_written,temp_blks_read,temp_blks_written,blk_read_time,blk_write_time,wal_records,wal_fpi,wal_bytes
16417,16418,True,440232258907256298,"insert into vss_master (ag_model_code, availability, base_fuel_type, body_type, body_type_desc, brand, bu_no, cylinder_count, d_0, d_10, d_100, d_110, d_120, d_130, d_140, d_150, d_160, d_170, d_180, d_190, d_20, d_200, d_210, d_220, d_230, d_240, d_250, d_260, d_270, d_280, d_290, d_30, d_300, d_310, d_320, d_330, d_340, d_350, d_40, d_50, d_60, d_70, d_80, d_90, additional_details, d_electrification, equipment_list, eve_config_id, eve_cp_data, eve_resources, ext_image, fuel_mpg_uk, fuel_mpg_us, int_image, is_volt_48, ivs_process_type, l_100km, model_description, model_name, model_range_code, model_range_name, order_status, paint_code, paint_image, paint_name, power_combined_kw, power_combined_ps, power_edrive_kw, power_edrive_ps, power_kw, power_ps, price_data, product_type, quality_description, quality_status, seat_count, series, status_availability, steering, stock_type, tank_capacity, top_speed, torque, transmission, update_date_time, upholstery_image, upholstery_name, upholstery_code, vehicle_state, vg_model_code, vin17, vss_config_id, weight, zero_to_100, order_number) values ($1, $2, $3, $4, $5, $6, $7, $8, $9, $10, $11, $12, $13, $14, $15, $16, $17, $18, $19, $20, $21, $22, $23, $24, $25, $26, $27, $28, $29, $30, $31, $32, $33, $34, $35, $36, $37, $38, $39, $40, $41, $42, $43, $44, $45, $46, $47, $48, $49, $50, $51, $52, $53, $54, $55, $56, $57, $58, $59, $60, $61, $62, $63, $64, $65, $66, $67, $68, $69, $70, $71, $72, $73, $74, $75, $76, $77, $78, $79, $80, $81, $82, $83, $84, $85, $86, $87, $88, $89, $90, $91, $92, $93, $94, $95)",0,0.0,0.0,0.0,0.0,0.0,2500719,36488862.34527059,2.2131410000000002,1858.566572,14.591348466290537,26.226483867489872,2500719,738393564,9050,24482006,24447614,0,0,0,0,0,0,142.48202700000016,0.0,316973583,129838,206264410952.0
10,16405,True,1419703268485441119,"select pid, usename, client_addr, client_hostname, wait_event_type, wait_event_type || $1 || wait_event as wait_event, query, datname, application_name, backend_type, query_id from pg_stat_activity w where w.state = $2 and COALESCE(w.wait_event,$3) not in ($4,$5) and pid <> pg_backend_pid()",0,0.0,0.0,0.0,0.0,0.0,16590416,13253144.966032699,0.054574000000000004,708.624464,0.798843438647622,2.3582995282085575,246396,501006,0,2,0,0,0,0,0,0,0,0.0,0.0,2,2,6436.0
10,16405,True,-5609407918215798763,"MOVE ALL IN ""query-cursor_1""",0,0.0,0.0,0.0,0.0,0.0,276512,12719673.41841706,0.374438,1278.754785,46.00043910722486,22.868988680125874,0,829536,0,0,0,0,0,0,0,131154489,131181754,0.0,0.0,0,0,0.0
16417,16417,True,-67611029807119586,"update vss_master set ag_model_code=$1, availability=$2, base_fuel_type=$3, body_type=$4, body_type_desc=$5, brand=$6, bu_no=$7, cylinder_count=$8, d_0=$9, d_10=$10, d_100=$11, d_110=$12, d_120=$13, d_130=$14, d_140=$15, d_150=$16, d_160=$17, d_170=$18, d_180=$19, d_190=$20, d_20=$21, d_200=$22, d_210=$23, d_220=$24, d_230=$25, d_240=$26, d_250=$27, d_260=$28, d_270=$29, d_280=$30, d_290=$31, d_30=$32, d_300=$33, d_310=$34, d_320=$35, d_330=$36, d_340=$37, d_350=$38, d_40=$39, d_50=$40, d_60=$41, d_70=$42, d_80=$43, d_90=$44, additional_details=$45, d_electrification=$46, equipment_list=$47, eve_config_id=$48, eve_cp_data=$49, eve_resources=$50, ext_image=$51, fuel_mpg_uk=$52, fuel_mpg_us=$53, int_image=$54, is_volt_48=$55, ivs_process_type=$56, l_100km=$57, model_description=$58, model_name=$59, model_range_code=$60, model_range_name=$61, order_status=$62, paint_code=$63, paint_image=$64, paint_name=$65, power_combined_kw=$66, power_combined_ps=$67, power_edrive_kw=$68, power_edrive_ps=$69, power_kw=$70, power_ps=$71, price_data=$72, product_type=$73, quality_description=$74, quality_status=$75, seat_count=$76, series=$77, status_availability=$78, steering=$79, stock_type=$80, tank_capacity=$81, top_speed=$82, torque=$83, transmission=$84, update_date_time=$85, upholstery_image=$86, upholstery_name=$87, upholstery_code=$88, vehicle_state=$89, vg_model_code=$90, vin17=$91, vss_config_id=$92, weight=$93, zero_to_100=$94 where order_number=$95",0,0.0,0.0,0.0,0.0,0.0,266082,4505490.336687954,0.48871400000000004,13996.598787,16.932713737449298,262.3447845910003,266082,119784899,198,879897,841613,0,0,0,0,0,0,1.8977929999999994,0.0,37183989,182566,13606892457.0
10,16405,True,-735529226517273954,"select sum(numbackends) as numbackends, sum(xact_commit) as xact_commit, sum(xact_rollback) as xact_rollback, sum(blks_read) as blks_read, sum(blks_hit) as blks_hit, sum(tup_returned) as tup_returned, sum(tup_fetched) as tup_fetched, sum(tup_inserted) as tup_inserted, sum(tup_updated) as tup_updated, sum(tup_deleted) as tup_deleted, sum(conflicts) as conflicts, sum(temp_files) as temp_files, sum(temp_bytes) as temp_bytes, sum(deadlocks) as deadlocks, sum(blk_read_time) as blk_read_time, sum(blk_write_time) as blk_write_time from pg_stat_database",0,0.0,0.0,0.0,0.0,0.0,276557,2883857.8338279547,0.136089,308.419252,10.427715927740117,2.4767981984925775,276557,276557,0,0,0,0,0,0,0,0,0,0.0,0.0,0,0,0.0
16417,16417,True,1559137750637093113,"insert into vss_master (ag_model_code, availability, base_fuel_type, body_type, body_type_desc, brand, bu_no, cylinder_count, d_0, d_10, d_100, d_110, d_120, d_130, d_140, d_150, d_160, d_170, d_180, d_190, d_20, d_200, d_210, d_220, d_230, d_240, d_250, d_260, d_270, d_280, d_290, d_30, d_300, d_310, d_320, d_330, d_340, d_350, d_40, d_50, d_60, d_70, d_80, d_90, additional_details, d_electrification, equipment_list, eve_config_id, eve_cp_data, eve_resources, ext_image, fuel_mpg_uk, fuel_mpg_us, int_image, is_volt_48, ivs_process_type, l_100km, model_description, model_name, model_range_code, model_range_name, order_status, paint_code, paint_image, paint_name, power_combined_kw, power_combined_ps, power_edrive_kw, power_edrive_ps, power_kw, power_ps, price_data, product_type, quality_description, quality_status, seat_count, series, status_availability, steering, stock_type, tank_capacity, top_speed, torque, transmission, update_date_time, upholstery_image, upholstery_name, upholstery_code, vehicle_state, vg_model_code, vin17, vss_config_id, weight, zero_to_100, order_number) values ($1, $2, $3, $4, $5, $6, $7, $8, $9, $10, $11, $12, $13, $14, $15, $16, $17, $18, $19, $20, $21, $22, $23, $24, $25, $26, $27, $28, $29, $30, $31, $32, $33, $34, $35, $36, $37, $38, $39, $40, $41, $42, $43, $44, $45, $46, $47, $48, $49, $50, $51, $52, $53, $54, $55, $56, $57, $58, $59, $60, $61, $62, $63, $64, $65, $66, $67, $68, $69, $70, $71, $72, $73, $74, $75, $76, $77, $78, $79, $80, $81, $82, $83, $84, $85, $86, $87, $88, $89, $90, $91, $92, $93, $94, $95)",0,0.0,0.0,0.0,0.0,0.0,480810,2864166.568235987,0.394689,672.507304,5.956961311611648,12.153908739378226,480810,116827757,2074,2255120,2255119,0,0,0,0,0,0,30.877758999999998,0.0,45312813,22495,22738329563.0
16417,16418,True,-8427047318712782993,SELECT vss_refresh_stock_data_with_tech_data(),0,0.0,0.0,0.0,0.0,0.0,414,2396385.1675029984,31.221913999999998,13750.576691999999,5788.369969814007,1756.1857827021377,414,1178575012,126912,404386,354255,0,0,0,0,2165898,1906943,71975.24152800001,0.0,3910329,61913,2821185537.0
16417,20079,True,-3542322758815195278,"insert into vss_master (ag_model_code, availability, base_fuel_type, body_type, body_type_desc, brand, bu_no, cylinder_count, d_0, d_10, d_100, d_110, d_120, d_130, d_140, d_150, d_160, d_170, d_180, d_190, d_20, d_200, d_210, d_220, d_230, d_240, d_250, d_260, d_270, d_280, d_290, d_30, d_300, d_310, d_320, d_330, d_340, d_350, d_40, d_50, d_60, d_70, d_80, d_90, additional_details, d_electrification, equipment_list, eve_config_id, eve_cp_data, eve_resources, ext_image, fuel_mpg_uk, fuel_mpg_us, int_image, is_volt_48, ivs_process_type, l_100km, model_description, model_name, model_range_code, model_range_name, order_status, paint_code, paint_image, paint_name, power_combined_kw, power_combined_ps, power_edrive_kw, power_edrive_ps, power_kw, power_ps, price_data, product_type, quality_description, quality_status, seat_count, series, status_availability, steering, stock_type, tank_capacity, top_speed, torque, transmission, update_date_time, upholstery_image, upholstery_name, upholstery_code, vehicle_state, vg_model_code, vin17, vss_config_id, weight, zero_to_100, order_number) values ($1, $2, $3, $4, $5, $6, $7, $8, $9, $10, $11, $12, $13, $14, $15, $16, $17, $18, $19, $20, $21, $22, $23, $24, $25, $26, $27, $28, $29, $30, $31, $32, $33, $34, $35, $36, $37, $38, $39, $40, $41, $42, $43, $44, $45, $46, $47, $48, $49, $50, $51, $52, $53, $54, $55, $56, $57, $58, $59, $60, $61, $62, $63, $64, $65, $66, $67, $68, $69, $70, $71, $72, $73, $74, $75, $76, $77, $78, $79, $80, $81, $82, $83, $84, $85, $86, $87, $88, $89, $90, $91, $92, $93, $94, $95)",0,0.0,0.0,0.0,0.0,0.0,210169,2066297.8384560298,0.481725,837.0203349999999,9.831601418172971,17.07103882569612,210169,58500011,1892,1648338,1646290,0,0,0,0,0,0,24.42569799999998,0.0,24323669,6320,14037861147.0
16417,11840213,True,-7736670311034100990,"insert into vss_master (ag_model_code, availability, base_fuel_type, body_type, body_type_desc, brand, bu_no, cylinder_count, d_0, d_10, d_100, d_110, d_120, d_130, d_140, d_150, d_160, d_170, d_180, d_190, d_20, d_200, d_210, d_220, d_230, d_240, d_250, d_260, d_270, d_280, d_290, d_30, d_300, d_310, d_320, d_330, d_340, d_350, d_40, d_50, d_60, d_70, d_80, d_90, additional_details, d_electrification, equipment_list, eve_config_id, eve_cp_data, eve_resources, ext_image, fuel_mpg_uk, fuel_mpg_us, int_image, is_volt_48, ivs_process_type, l_100km, model_description, model_name, model_range_code, model_range_name, order_status, paint_code, paint_image, paint_name, power_combined_kw, power_combined_ps, power_edrive_kw, power_edrive_ps, power_kw, power_ps, price_data, product_type, quality_description, quality_status, seat_count, series, status_availability, steering, stock_type, tank_capacity, top_speed, torque, transmission, update_date_time, upholstery_image, upholstery_name, upholstery_code, vehicle_state, vg_model_code, vin17, vss_config_id, weight, zero_to_100, order_number) values ($1, $2, $3, $4, $5, $6, $7, $8, $9, $10, $11, $12, $13, $14, $15, $16, $17, $18, $19, $20, $21, $22, $23, $24, $25, $26, $27, $28, $29, $30, $31, $32, $33, $34, $35, $36, $37, $38, $39, $40, $41, $42, $43, $44, $45, $46, $47, $48, $49, $50, $51, $52, $53, $54, $55, $56, $57, $58, $59, $60, $61, $62, $63, $64, $65, $66, $67, $68, $69, $70, $71, $72, $73, $74, $75, $76, $77, $78, $79, $80, $81, $82, $83, $84, $85, $86, $87, $88, $89, $90, $91, $92, $93, $94, $95)",0,0.0,0.0,0.0,0.0,0.0,294788,1611869.604283011,0.7784639999999999,783.58828,5.467894230032955,12.786860540471015,294788,69086573,6561,1562215,1557451,0,0,0,0,0,0,142.32714800000002,0.0,26916928,5452,13035037373.0
16417,19050,True,7838397334045825102,"insert into vss_master (ag_model_code, availability, base_fuel_type, body_type, body_type_desc, brand, bu_no, cylinder_count, d_0, d_10, d_100, d_110, d_120, d_130, d_140, d_150, d_160, d_170, d_180, d_190, d_20, d_200, d_210, d_220, d_230, d_240, d_250, d_260, d_270, d_280, d_290, d_30, d_300, d_310, d_320, d_330, d_340, d_350, d_40, d_50, d_60, d_70, d_80, d_90, additional_details, d_electrification, equipment_list, eve_config_id, eve_cp_data, eve_resources, ext_image, fuel_mpg_uk, fuel_mpg_us, int_image, is_volt_48, ivs_process_type, l_100km, model_description, model_name, model_range_code, model_range_name, order_status, paint_code, paint_image, paint_name, power_combined_kw, power_combined_ps, power_edrive_kw, power_edrive_ps, power_kw, power_ps, price_data, product_type, quality_description, quality_status, seat_count, series, status_availability, steering, stock_type, tank_capacity, top_speed, torque, transmission, update_date_time, upholstery_image, upholstery_name, upholstery_code, vehicle_state, vg_model_code, vin17, vss_config_id, weight, zero_to_100, order_number) values ($1, $2, $3, $4, $5, $6, $7, $8, $9, $10, $11, $12, $13, $14, $15, $16, $17, $18, $19, $20, $21, $22, $23, $24, $25, $26, $27, $28, $29, $30, $31, $32, $33, $34, $35, $36, $37, $38, $39, $40, $41, $42, $43, $44, $45, $46, $47, $48, $49, $50, $51, $52, $53, $54, $55, $56, $57, $58, $59, $60, $61, $62, $63, $64, $65, $66, $67, $68, $69, $70, $71, $72, $73, $74, $75, $76, $77, $78, $79, $80, $81, $82, $83, $84, $85, $86, $87, $88, $89, $90, $91, $92, $93, $94, $95)",0,0.0,0.0,0.0,0.0,0.0,268769,1496420.751441985,0.401968,788.273153,5.567683592385989,10.33731710194741,268769,66108952,2032,1522242,1519908,0,0,0,0,0,0,36.046066,0.0,26247843,7091,12984882211.0
