userid,dbid,toplevel,queryid,query,plans,total_plan_time,min_plan_time,max_plan_time,mean_plan_time,stddev_plan_time,calls,total_exec_time,min_exec_time,max_exec_time,mean_exec_time,stddev_exec_time,rows,shared_blks_hit,shared_blks_read,shared_blks_dirtied,shared_blks_written,local_blks_hit,local_blks_read,local_blks_dirtied,local_blks_written,temp_blks_read,temp_blks_written,blk_read_time,blk_write_time,wal_records,wal_fpi,wal_bytes
990493,16404,True,2731926746234896378,"SELECT current_setting($1) AS transaction_read_only, current_setting($2) AS max_connections, EXTRACT($3 FROM now() - pg_postmaster_start_time()) AS uptime",0,0.0,0.0,0.0,0.0,0.0,33207187,802972.9621798467,0.006006,168.398714,0.024180698057316208,0.3626690028842671,33207187,0,0,0,0,0,0,0,0,0,0,0.0,0.0,0,0,0.0
10,16405,True,2067594330036860870,"FETCH 50 IN ""query-cursor_1""",0,0.0,0.0,0.0,0.0,0.0,26665384,640441.3701499071,0.002948,78.854194,0.024017706632310565,0.1336711809549862,1333269200,0,0,0,0,0,0,0,0,13261297,0,0.0,0.0,0,0,0.0
10,16405,True,2397681704071010949,BEGIN,0,0.0,0.0,0.0,0.0,0.0,23230055,43950.743035866755,0.000148,99.299786,0.0018919775711251179,0.0819798947276475,0,0,0,0,0,0,0,0,0,0,0,0.0,0.0,0,0,0.0
10,16405,True,3694949039461716331,COMMIT,0,0.0,0.0,0.0,0.0,0.0,22746092,38015.82433793958,0.00017,184.728248,0.0016713123440283474,0.05645116319712454,0,0,0,0,0,0,0,0,0,0,0,0.0,0.0,0,0,0.0
10,16405,True,-1891554663970818548,SET statement_timeout=10000,0,0.0,0.0,0.0,0.0,0.0,22676996,340606.97159993113,0.00119,142.350089,0.015019933486782969,0.15920304483383907,0,429,0,0,0,0,0,0,0,0,0,0.0,0.0,0,0,0.0
10,16405,True,1419703268485441119,"select pid, usename, client_addr, client_hostname, wait_event_type, wait_event_type || $1 || wait_event as wait_event, query, datname, application_name, backend_type, query_id from pg_stat_activity w where w.state = $2 and COALESCE(w.wait_event,$3) not in ($4,$5) and pid <> pg_backend_pid()",0,0.0,0.0,0.0,0.0,0.0,16590430,13253155.1708717,0.054574000000000004,708.624464,0.7988433796395586,2.3582985346135095,246396,501006,0,2,0,0,0,0,0,0,0,0.0,0.0,2,2,6436.0
10,16405,True,1147616880456321454,SELECT $1,0,0.0,0.0,0.0,0.0,0.0,7642613,63299.81445801349,0.000895,141.32930499999998,0.008282483289157061,0.2531236983877128,7642613,0,0,0,0,0,0,0,0,0,0,0.0,0.0,0,0,0.0
16417,16417,True,-4836467292998908931,select * from configuration_details_staging where header=$1 and props_key=$2,0,0.0,0.0,0.0,0.0,0.0,3029256,117968.36300000387,0.012457,100.946631,0.03894301538067012,0.2637809690126046,3029256,6058508,4,0,0,0,0,0,0,0,0,1.602134,0.0,1,0,56.0
16417,16417,True,-2599780779510711550,select * from configuration_details where header=$1 and props_key=$2,0,0.0,0.0,0.0,0.0,0.0,3029185,132057.80589200364,0.013178,128.78044599999998,0.04359516037877992,0.34317757372187513,3029185,6263827,4,2,0,0,0,0,0,0,0,1.819858,0.0,13,2,8345.0
16417,16418,True,-6082562638887373546,"select vssmastere0_.order_number as order_nu1_16_0_, vssmastere0_.ag_model_code as ag_model2_16_0_, vssmastere0_.availability as availabi3_16_0_, vssmastere0_.base_fuel_type as base_fue4_16_0_, vssmastere0_.body_type as body_typ5_16_0_, vssmastere0_.body_type_desc as body_typ6_16_0_, vssmastere0_.brand as brand7_16_0_, vssmastere0_.bu_no as bu_no8_16_0_, vssmastere0_.cylinder_count as cylinder9_16_0_, vssmastere0_.d_0 as d_10_16_0_, vssmastere0_.d_10 as d_11_16_0_, vssmastere0_.d_100 as d_12_16_0_, vssmastere0_.d_110 as d_13_16_0_, vssmastere0_.d_120 as d_14_16_0_, vssmastere0_.d_130 as d_15_16_0_, vssmastere0_.d_140 as d_16_16_0_, vssmastere0_.d_150 as d_17_16_0_, vssmastere0_.d_160 as d_18_16_0_, vssmastere0_.d_170 as d_19_16_0_, vssmastere0_.d_180 as d_20_16_0_, vssmastere0_.d_190 as d_21_16_0_, vssmastere0_.d_20 as d_22_16_0_, vssmastere0_.d_200 as d_23_16_0_, vssmastere0_.d_210 as d_24_16_0_, vssmastere0_.d_220 as d_25_16_0_, vssmastere0_.d_230 as d_26_16_0_, vssmastere0_.d_240 as d_27_16_0_, vssmastere0_.d_250 as d_28_16_0_, vssmastere0_.d_260 as d_29_16_0_, vssmastere0_.d_270 as d_30_16_0_, vssmastere0_.d_280 as d_31_16_0_, vssmastere0_.d_290 as d_32_16_0_, vssmastere0_.d_30 as d_33_16_0_, vssmastere0_.d_300 as d_34_16_0_, vssmastere0_.d_310 as d_35_16_0_, vssmastere0_.d_320 as d_36_16_0_, vssmastere0_.d_330 as d_37_16_0_, vssmastere0_.d_340 as d_38_16_0_, vssmastere0_.d_350 as d_39_16_0_, vssmastere0_.d_40 as d_40_16_0_, vssmastere0_.d_50 as d_41_16_0_, vssmastere0_.d_60 as d_42_16_0_, vssmastere0_.d_70 as d_43_16_0_, vssmastere0_.d_80 as d_44_16_0_, vssmastere0_.d_90 as d_45_16_0_, vssmastere0_.additional_details as additio46_16_0_, vssmastere0_.d_electrification as d_elect47_16_0_, vssmastere0_.equipment_list as equipme48_16_0_, vssmastere0_.eve_config_id as eve_con49_16_0_, vssmastere0_.eve_cp_data as eve_cp_50_16_0_, vssmastere0_.eve_resources as eve_res51_16_0_, vssmastere0_.ext_image as ext_ima52_16_0_, vssmastere0_.fuel_mpg_uk as fuel_mp53_16_0_, vssmastere0_.fuel_mpg_us as fuel_mp54_16_0_, vssmastere0_.int_image as int_ima55_16_0_, vssmastere0_.is_volt_48 as is_volt56_16_0_, vssmastere0_.ivs_process_type as ivs_pro57_16_0_, vssmastere0_.l_100km as l_58_16_0_, vssmastere0_.model_description as model_d59_16_0_, vssmastere0_.model_name as model_n60_16_0_, vssmastere0_.model_range_code as model_r61_16_0_, vssmastere0_.model_range_name as model_r62_16_0_, vssmastere0_.order_status as order_s63_16_0_, vssmastere0_.paint_code as paint_c64_16_0_, vssmastere0_.paint_image as paint_i65_16_0_, vssmastere0_.paint_name as paint_n66_16_0_, vssmastere0_.power_combined_kw as power_c67_16_0_, vssmastere0_.power_combined_ps as power_c68_16_0_, vssmastere0_.power_edrive_kw as power_e69_16_0_, vssmastere0_.power_edrive_ps as power_e70_16_0_, vssmastere0_.power_kw as power_k71_16_0_, vssmastere0_.power_ps as power_p72_16_0_, vssmastere0_.price_data as price_d73_16_0_, vssmastere0_.product_type as product74_16_0_, vssmastere0_.quality_description as quality75_16_0_, vssmastere0_.quality_status as quality76_16_0_, vssmastere0_.seat_count as seat_co77_16_0_, vssmastere0_.series as series78_16_0_, vssmastere0_.status_availability as status_79_16_0_, vssmastere0_.steering as steerin80_16_0_, vssmastere0_.stock_type as stock_t81_16_0_, vssmastere0_.tank_capacity as tank_ca82_16_0_, vssmastere0_.top_speed as top_spe83_16_0_, vssmastere0_.torque as torque84_16_0_, vssmastere0_.transmission as transmi85_16_0_, vssmastere0_.update_date_time as update_86_16_0_, vssmastere0_.upholstery_image as upholst87_16_0_, vssmastere0_.upholstery_name as upholst88_16_0_, vssmastere0_.upholstery_code as upholst89_16_0_, vssmastere0_.vehicle_state as vehicle90_16_0_, vssmastere0_.vg_model_code as vg_mode91_16_0_, vssmastere0_.vin17 as vin92_16_0_, vssmastere0_.vss_config_id as vss_con93_16_0_, vssmastere0_.weight as weight94_16_0_, vssmastere0_.zero_to_100 as zero_to95_16_0_ from vss_master vssmastere0_ where vssmastere0_.order_number=$1",0,0.0,0.0,0.0,0.0,0.0,2505282,104738.7123549976,0.002741,253.819539,0.04180715478537132,0.8633947465637859,3339,5365792,0,67,0,0,0,0,0,0,0,0.0,0.0,2161,132,463315.0
