userid,dbid,toplevel,queryid,query,plans,total_plan_time,min_plan_time,max_plan_time,mean_plan_time,stddev_plan_time,calls,total_exec_time,min_exec_time,max_exec_time,mean_exec_time,stddev_exec_time,rows,shared_blks_hit,shared_blks_read,shared_blks_dirtied,shared_blks_written,local_blks_hit,local_blks_read,local_blks_dirtied,local_blks_written,temp_blks_read,temp_blks_written,blk_read_time,blk_write_time,wal_records,wal_fpi,wal_bytes
16417,16417,True,-8613068366260666583,SELECT vss_refresh_stock_data_with_tech_data(),0,0.0,0.0,0.0,0.0,0.0,205,910563.3441719997,38.410732,15618.902498000001,4441.772410595122,3453.336513396322,205,236873881,240287,258317,239498,0,0,0,0,13422,13463,120194.70068200001,0.0,3350606,20522,2078174601.0
16417,16418,True,-8427047318712782993,SELECT vss_refresh_stock_data_with_tech_data(),0,0.0,0.0,0.0,0.0,0.0,414,2396385.1675029984,31.221913999999998,13750.576691999999,5788.369969814007,1756.1857827021377,414,1178575012,126912,404386,354255,0,0,0,0,2165898,1906943,71975.24152800001,0.0,3910329,61913,2821185537.0
16417,20079,True,-836488167379738330,select * from cart where reference_id=$1 order by cart_id DESC limit $2,0,0.0,0.0,0.0,0.0,0.0,171,54238.592133999984,0.023150999999999998,4847.309516,317.1847493216374,1015.3680138277609,86,2936076,79570,36,0,0,0,0,0,0,0,44531.206916999996,0.0,67,34,97063.0
50804923,18406,True,1775324389096635007,"SELECT
            current_database() AS database_name,
            schemaname AS schema_name,
            tablename AS table_name,
            ROUND(pg_relation_size(format($1, schemaname, tablename)) / ($2 * $3), $4) AS table_size_mb,
            ROUND(pg_indexes_size(format($5, schemaname, tablename)) / ($6 * $7), $8) AS indexes_size_mb,
            ROUND(pg_total_relation_size(format($9, schemaname, tablename)) / ($10 * $11), $12) AS total_size_mb,
            (xpath($13, query_to_xml(format($14, schemaname, tablename), $15, $16, $17)))[$18]::text::bigint AS row_count
        FROM
            pg_tables
        WHERE
            schemaname NOT IN ($19, $20) -- Exclude system schemas
            AND schemaname NOT LIKE $21
        ORDER BY
            total_size_mb DESC",0,0.0,0.0,0.0,0.0,0.0,8,20349.534878000002,253.77873499999998,6298.746251,2543.69185975,1683.3847098875901,584,71008,225100,76,0,0,0,0,0,0,0,41429.079558000005,0.0,81,76,217932.0
50804923,16418,True,1775324389096635007,"SELECT
            current_database() AS database_name,
            schemaname AS schema_name,
            tablename AS table_name,
            ROUND(pg_relation_size(format($1, schemaname, tablename)) / ($2 * $3), $4) AS table_size_mb,
            ROUND(pg_indexes_size(format($5, schemaname, tablename)) / ($6 * $7), $8) AS indexes_size_mb,
            ROUND(pg_total_relation_size(format($9, schemaname, tablename)) / ($10 * $11), $12) AS total_size_mb,
            (xpath($13, query_to_xml(format($14, schemaname, tablename), $15, $16, $17)))[$18]::text::bigint AS row_count
        FROM
            pg_tables
        WHERE
            schemaname NOT IN ($19, $20) -- Exclude system schemas
            AND schemaname NOT LIKE $21
        ORDER BY
            total_size_mb DESC",0,0.0,0.0,0.0,0.0,0.0,8,25475.431644,738.684723,9812.620239,3184.4289555,2806.0114807438713,1992,229469,282197,1028,0,0,0,0,0,0,0,39484.994849,0.0,1046,1028,2468280.0
16417,16418,True,-8735874105536469888,select * from product_options where product_id=$1 and option_code=$2 and  option_category=$3,0,0.0,0.0,0.0,0.0,0.0,541540,194233.82664300618,0.015967000000000002,458.74674799999997,0.35866939956974087,3.138847720595018,535888,76779672,68623,5940,1,0,0,0,0,0,0,29731.278391000003,0.031891,118668,5963,19139008.0
16417,20079,True,-2342345086349235051,select * from cart where reference_id=$1 order by cart_id DESC limit $2,0,0.0,0.0,0.0,0.0,0.0,31,27215.649548000005,0.028019000000000002,4573.106891,877.9241789677419,1698.2945902395827,21,304088,48611,13,0,0,0,0,0,0,0,26360.591196999998,0.0,19,13,42639.0
16417,16418,True,-7672234717181027117,select * from snoop_price_to_dap_master(),0,0.0,0.0,0.0,0.0,0.0,34,997953.7734870001,23825.192702,36325.454109,29351.581573147057,3311.9631302130647,34,21871407,167426,249034,908,0,0,0,0,87637,87637,22957.377647999998,0.0,9099485,234948,1619672527.0
16417,11840213,True,9156383728931387362,select backup_and_truncate_vss_master(),0,0.0,0.0,0.0,0.0,0.0,1081,355089.45599499985,7.996123000000001,3325.504288,328.4823829740976,436.067323196536,1081,92912192,70644,1525480,1447368,0,0,0,0,0,0,17673.86685600001,0.243982,24457503,79431,12025663674.0
16417,16417,True,715706128176440114,SELECT vss_refresh_stock_data_with_tech_data(),0,0.0,0.0,0.0,0.0,0.0,92,425860.2976890002,62.441629,19120.591697999997,4628.916279228261,4596.496620193028,92,167630813,70649,110958,101470,0,0,0,0,15261,15296,16591.377938999998,0.0,1620731,12099,940997839.0
