{
    "nodes": [
        {
            "id": "smms_customerportal_v2.order"
        },
        {
            "id": "smms_customerportal_v2.cta"
        },
        {
            "id": "smms_customerportal_v2.lookup"
        },
        {
            "id": "smms_customerportal_v2.trade_in"
        },
        {
            "id": "smms_customerportal_v2.authority"
        },
        {
            "id": "smms_customerportal_v2.test_drive"
        },
        {
            "id": "smms_customerportal_v2.country_code"
        },
        {
            "id": "smms_customerportal_v2.persistent_audit_evt_data"
        },
        {
            "id": "smms_customerportal_v2.lookup_code"
        },
        {
            "id": "smms_customerportal_v2.user_login_failed_details"
        },
        {
            "id": "smms_customerportal_v2.configuration"
        },
        {
            "id": "smms_customerportal_v2.user_docs"
        },
        {
            "id": "smms_customerportal_v2.test_drive_preffered_slot"
        },
        {
            "id": "smms_customerportal_v2.customer_buy_now"
        },
        {
            "id": "smms_customerportal_v2.error_log"
        },
        {
            "id": "smms_customerportal_v2.contact_dealer_details"
        },
        {
            "id": "smms_customerportal_v2.feedback"
        },
        {
            "id": "smms_customerportal_v2.cart"
        },
        {
            "id": "smms_customerportal_v2.persistent_audit_event"
        },
        {
            "id": "smms_customerportal_v2.offer"
        },
        {
            "id": "smms_customerportal_v2.lookup_value"
        },
        {
            "id": "smms_customerportal_v2.user_master"
        },
        {
            "id": "smms_customerportal_v2.order_details"
        },
        {
            "id": "smms_customerportal_v2.user_authority"
        },
        {
            "id": "smms_customerportal_v2.customer_rfq"
        }
    ],
    "links": [
        {
            "source": "smms_customerportal_v2.customer_buy_now",
            "target": "smms_customerportal_v2.cart",
            "source_column": "cart_id",
            "target_column": "cart_id",
            "relation": "FK"
        },
        {
            "source": "smms_customerportal_v2.customer_buy_now",
            "target": "smms_customerportal_v2.user_master",
            "source_column": "user_id",
            "target_column": "id",
            "relation": "FK"
        },
        {
            "source": "smms_customerportal_v2.cart",
            "target": "smms_customerportal_v2.offer",
            "source_column": "offer_id",
            "target_column": "id",
            "relation": "FK"
        },
        {
            "source": "smms_customerportal_v2.cart",
            "target": "smms_customerportal_v2.user_master",
            "source_column": "user_id",
            "target_column": "id",
            "relation": "FK"
        },
        {
            "source": "smms_customerportal_v2.cta",
            "target": "smms_customerportal_v2.contact_dealer_details",
            "source_column": "contact_dealer_details_id",
            "target_column": "id",
            "relation": "FK"
        },
        {
            "source": "smms_customerportal_v2.error_log",
            "target": "smms_customerportal_v2.cart",
            "source_column": "cart_id",
            "target_column": "cart_id",
            "relation": "FK"
        },
        {
            "source": "smms_customerportal_v2.user_authority",
            "target": "smms_customerportal_v2.authority",
            "source_column": "authority_name",
            "target_column": "name",
            "relation": "FK"
        },
        {
            "source": "smms_customerportal_v2.cta",
            "target": "smms_customerportal_v2.configuration",
            "source_column": "config_id",
            "target_column": "id",
            "relation": "FK"
        },
        {
            "source": "smms_customerportal_v2.country_code",
            "target": "smms_customerportal_v2.lookup",
            "source_column": "country_code",
            "target_column": "value",
            "relation": "FK"
        },
        {
            "source": "smms_customerportal_v2.persistent_audit_evt_data",
            "target": "smms_customerportal_v2.persistent_audit_event",
            "source_column": "event_id",
            "target_column": "event_id",
            "relation": "FK"
        },
        {
            "source": "smms_customerportal_v2.lookup_value",
            "target": "smms_customerportal_v2.lookup_code",
            "source_column": "lookup_code_id",
            "target_column": "id",
            "relation": "FK"
        },
        {
            "source": "smms_customerportal_v2.user_authority",
            "target": "smms_customerportal_v2.user_master",
            "source_column": "user_id",
            "target_column": "id",
            "relation": "FK"
        },
        {
            "source": "smms_customerportal_v2.configuration",
            "target": "smms_customerportal_v2.user_master",
            "source_column": "user_id",
            "target_column": "id",
            "relation": "FK"
        },
        {
            "source": "smms_customerportal_v2.cta",
            "target": "smms_customerportal_v2.user_master",
            "source_column": "user_id",
            "target_column": "id",
            "relation": "FK"
        },
        {
            "source": "smms_customerportal_v2.order",
            "target": "smms_customerportal_v2.customer_buy_now",
            "source_column": "purchase_id",
            "target_column": "id",
            "relation": "FK"
        },
        {
            "source": "smms_customerportal_v2.order_details",
            "target": "smms_customerportal_v2.order",
            "source_column": "order_id",
            "target_column": "order_id",
            "relation": "FK"
        },
        {
            "source": "smms_customerportal_v2.order",
            "target": "smms_customerportal_v2.offer",
            "source_column": "offer_id",
            "target_column": "id",
            "relation": "FK"
        },
        {
            "source": "smms_customerportal_v2.customer_rfq",
            "target": "smms_customerportal_v2.cart",
            "source_column": "cart_id",
            "target_column": "cart_id",
            "relation": "FK"
        },
        {
            "source": "smms_customerportal_v2.customer_rfq",
            "target": "smms_customerportal_v2.user_master",
            "source_column": "user_id",
            "target_column": "id",
            "relation": "FK"
        },
        {
            "source": "smms_customerportal_v2.trade_in",
            "target": "smms_customerportal_v2.customer_rfq",
            "source_column": "rfq_id",
            "target_column": "rfq_id",
            "relation": "FK"
        },
        {
            "source": "smms_customerportal_v2.test_drive_preffered_slot",
            "target": "smms_customerportal_v2.test_drive",
            "source_column": "td_id",
            "target_column": "td_id",
            "relation": "FK"
        },
        {
            "source": "smms_customerportal_v2.test_drive",
            "target": "smms_customerportal_v2.cart",
            "source_column": "cart_id",
            "target_column": "cart_id",
            "relation": "FK"
        },
        {
            "source": "smms_customerportal_v2.error_log",
            "target": "smms_customerportal_v2.user_master",
            "source_column": "user_id",
            "target_column": "id",
            "relation": "FK"
        },
        {
            "source": "smms_customerportal_v2.error_log",
            "target": "smms_customerportal_v2.user_master",
            "source_column": "user_id",
            "target_column": "id",
            "relation": "FK"
        },
        {
            "source": "smms_customerportal_v2.test_drive",
            "target": "smms_customerportal_v2.user_master",
            "source_column": "user_id",
            "target_column": "id",
            "relation": "FK"
        },
        {
            "source": "smms_customerportal_v2.test_drive",
            "target": "smms_customerportal_v2.user_master",
            "source_column": "user_id",
            "target_column": "id",
            "relation": "FK"
        },
        {
            "source": "smms_customerportal_v2.error_log",
            "target": "smms_customerportal_v2.user_master",
            "source_column": "user_id",
            "target_column": "id",
            "relation": "FK"
        },
        {
            "source": "smms_customerportal_v2.error_log",
            "target": "smms_customerportal_v2.user_master",
            "source_column": "user_id",
            "target_column": "id",
            "relation": "FK"
        },
        {
            "source": "smms_customerportal_v2.test_drive",
            "target": "smms_customerportal_v2.user_master",
            "source_column": "user_id",
            "target_column": "id",
            "relation": "FK"
        },
        {
            "source": "smms_customerportal_v2.test_drive",
            "target": "smms_customerportal_v2.user_master",
            "source_column": "user_id",
            "target_column": "id",
            "relation": "FK"
        },
        {
            "source": "smms_customerportal_v2.user_docs",
            "target": "smms_customerportal_v2.user_master",
            "source_column": "user_id",
            "target_column": "id",
            "relation": "FK"
        },
        {
            "source": "smms_customerportal_v2.feedback",
            "target": "smms_customerportal_v2.user_master",
            "source_column": "user_id",
            "target_column": "id",
            "relation": "FK"
        },
        {
            "source": "smms_customerportal_v2.user_login_failed_details",
            "target": "smms_customerportal_v2.user_master",
            "source_column": "user_id",
            "target_column": "id",
            "relation": "FK"
        }
    ]
}